クレブスポーツ通販事業課,https://store.ponparemall.com/sportsx/
パジャマのモリキュー,https://store.ponparemall.com/morikyu/
フルショット　ポンパレモール店,https://store.ponparemall.com/fullshot/
ドッグワールド ポンパレモール店,https://store.ponparemall.com/dogworld/
TREND-I,https://store.ponparemall.com/trend-i/
ギャレリア Bag＆Luggage,https://store.ponparemall.com/galleria/
サンモールサンコー,https://store.ponparemall.com/sunmallshop/
子供服　arbre,https://store.ponparemall.com/arbre-0809/
THE BEST,https://store.ponparemall.com/thebest/
釣具のキャスティング,https://store.ponparemall.com/casting/
フォーモスト(foremost),https://store.ponparemall.com/foremost/
お茶のぶどう園　ポンパレモール店,https://store.ponparemall.com/ocha-no-budouen/
セレクト淡路　ポンパレモール店,https://store.ponparemall.com/selectawaji/
リュネメガネコンタクト,https://store.ponparemall.com/lune-shop/
あっと美人,https://store.ponparemall.com/atbijin/
チャーム charm ポンパレモール店,https://store.ponparemall.com/charm/
タオル直販店ヒオリエ,https://store.ponparemall.com/toucher-home/
米屋ふくち,https://store.ponparemall.com/komeyafukuchi/
業務ショップ　のん太郎　PM店,https://store.ponparemall.com/nontarou/
ゴルフショップ　フジコ,https://store.ponparemall.com/golffujico/
インナーショップ　ジュネワコー,https://store.ponparemall.com/junewako/
サプリ専門店　オーガランド,https://store.ponparemall.com/oga/
宮崎産直　ポンパレモール店,https://store.ponparemall.com/miyazakisantyoku/
KIRARI Design Shop,https://store.ponparemall.com/kirari-ds/
Sears,https://store.ponparemall.com/jewelry-oukoku/
クリックル（cliQle）,https://store.ponparemall.com/cliqle/
C.I.O.ポンパレモール店,https://store.ponparemall.com/cio/
マヌカハニーと健康食品のハンズ,https://store.ponparemall.com/hands/
おいしいものショップ「海と太陽」,https://store.ponparemall.com/yummy39/
ロンプシュー(LONGPSHOE),https://store.ponparemall.com/longpshoe/
ヴィオレッタ,https://store.ponparemall.com/violetta/
介護もーる　介護用品専門店,https://store.ponparemall.com/kaigomall/
背広屋　石K,https://store.ponparemall.com/ishi-k/
Dress K.O　ドレスケーオー,https://store.ponparemall.com/dress-ko/
はり丸　ポンパレモール店,https://store.ponparemall.com/harimaru/
シルクライフショップPPM店,https://store.ponparemall.com/silklifeshop/
ジールマーケット(Zeal Market),https://store.ponparemall.com/zealmarket/
本場九州ラーメン専門店,https://store.ponparemall.com/honba-kyusyu/
アイプラス,https://store.ponparemall.com/eyeplus/
Queen Ruiz,https://store.ponparemall.com/1-d-royal/
プライズマーケット,https://store.ponparemall.com/prize-market/
nico インナーショップ,https://store.ponparemall.com/nico-ins/
XPRICE ポンパレモール店,https://store.ponparemall.com/premoa-ponpare/
FETISH by o.s.p,https://store.ponparemall.com/fetish-byosp-spruce-vasin/
マドンナモア　オンラインストア,https://store.ponparemall.com/madonna-more/
ドリームコンタクト,https://store.ponparemall.com/dreamcl/
ハーベストシーズン,https://store.ponparemall.com/white-hseason/
ぼくの玉手箱屋−,https://store.ponparemall.com/bokunotamatebakoya-/
ドレス＆カジュアルマーケット,https://store.ponparemall.com/dress-casual/
ピザ・アリオ,https://store.ponparemall.com/pizza-aglio/
イーズアロマショップ(ease-aroma-shop),https://store.ponparemall.com/ease-aroma/
伊勢丸中製茶　ポンパレモール店,https://store.ponparemall.com/isecha/
花紋印章,https://store.ponparemall.com/kamon/
Bagtory,https://store.ponparemall.com/bagtory/
SYNCS MALL,https://store.ponparemall.com/syncs/
タイヤナウ　ポンパレモール店,https://store.ponparemall.com/ttirenow/
イーモノ(e-mono),https://store.ponparemall.com/e-mono/
Living days,https://store.ponparemall.com/livingdays/
アクセサリーショップPIENA,https://store.ponparemall.com/alive/
おいもや,https://store.ponparemall.com/oimoya/
タマチャンショップ,https://store.ponparemall.com/tamachanshop/
アットイーズ,https://store.ponparemall.com/atease/
はっぴーDOG,https://store.ponparemall.com/k-city/
濱埼屋　ポンパレモール店,https://store.ponparemall.com/hamasakiya/
L＆A,https://store.ponparemall.com/lucky-anna/
デンタルフィット,https://store.ponparemall.com/d-fit/
ビードットラボ,https://store.ponparemall.com/b-labo/
プチスーベニア,https://store.ponparemall.com/puticafe/
日本茶専門店　てらさわ茶舗,https://store.ponparemall.com/teracha/
酒舗アズマヅル　ポンパレモール店,https://store.ponparemall.com/azumazuru/
くじらやポンパレモール店,https://store.ponparemall.com/pckujira/
プロのすすめるカーペット,https://store.ponparemall.com/procarpet-27/
JYPLUS,https://store.ponparemall.com/jyplus/
アクセサリーマート,https://store.ponparemall.com/accessorymart/
ミートショップ讃岐,https://store.ponparemall.com/sanuki-meat/
レンズフリー,https://store.ponparemall.com/lensapple/
超音波歯ブラシスマイルエックス店,https://store.ponparemall.com/smile-ppm/
サンモクスイ,https://store.ponparemall.com/sunmokusui/
酒の茶碗屋ポンパレモール店,https://store.ponparemall.com/sakenochawanya/
世界のお酒ニューヨーク,https://store.ponparemall.com/sakenewyork/
Dark Angel（ダークエンジェル）,https://store.ponparemall.com/darkangel/
フロンティア,https://store.ponparemall.com/prime/
玄米・雑穀米の通販　川島米穀店,https://store.ponparemall.com/genki-genmai/
有賀園,https://store.ponparemall.com/arigaen/
ペットグラフィックプロダクト,https://store.ponparemall.com/petgp/
青山貿易マワハンガー正規販売店,https://store.ponparemall.com/aoyamat/
総合食品通販,https://store.ponparemall.com/mealma-ma/
VeronicA（ヴェロニカ）,https://store.ponparemall.com/veronica/
KOEISTORE,https://store.ponparemall.com/koeistore/
Hukuzatsuya,https://store.ponparemall.com/hukuzatsuya/
やさしいおみせ,https://store.ponparemall.com/yasac/
らくらくエコショップ,https://store.ponparemall.com/rakushop/
インテリアFeuFeu,https://store.ponparemall.com/feu/
ファッションシューズ『アベリア』,https://store.ponparemall.com/ablya/
神棚・神具製造販売　伊勢　宮忠,https://store.ponparemall.com/ise-miyachu/
漆芸　よした華正工房,https://store.ponparemall.com/kasyou/
ウィングス,https://store.ponparemall.com/wingsend/
神戸モリーママ,https://store.ponparemall.com/morrymama/
Ragtime,https://store.ponparemall.com/ragtime/
お米の1009,https://store.ponparemall.com/okomeno1009/
リビタオル,https://store.ponparemall.com/ribitowel/
ドラジェ(dragee),https://store.ponparemall.com/dragee/
静岡のお茶処　まきのはら茶屋,https://store.ponparemall.com/makinoharacha/
ベスバ　ポンパレモール店,https://store.ponparemall.com/besba/
即納ドラッグ　金太郎SHOP,https://store.ponparemall.com/kintarou/
E-Shoes Shopping,https://store.ponparemall.com/ksdirect/
スーツケース旅行用品専門店トコー,https://store.ponparemall.com/toko/
助産師のお店 ぷれままサロン佐伯,https://store.ponparemall.com/premama-salon/
Wisers ポンパレモール店,https://store.ponparemall.com/wisers-1/
YOU PLAN,https://store.ponparemall.com/youplan/
WAWA JAPAN,https://store.ponparemall.com/wawajapan/
MISONOYA,https://store.ponparemall.com/misonoya/
洗車の王国,https://store.ponparemall.com/sensya/
にっぽん津々浦々,https://store.ponparemall.com/tsutsu-uraura/
オウルテックダイレクト,https://store.ponparemall.com/owltech/
SHIROHATO（白鳩）,https://store.ponparemall.com/shirohato/
GBFT Online,https://store.ponparemall.com/gbft-online/
mischief,https://store.ponparemall.com/mischief-shoes/
フォーエバーギフト(Forever Gift),https://store.ponparemall.com/forevergift/
空いろ,https://store.ponparemall.com/sorairo/
plus nao,https://store.ponparemall.com/plusnao/
ウーマンジャパン,https://store.ponparemall.com/womenjapan/
讃岐うどんの老舗　宮武讃岐製麺所,https://store.ponparemall.com/seimensho/
三輪そうめん池利,https://store.ponparemall.com/ikeri/
ジュエリー専門館トライディアPM店,https://store.ponparemall.com/tridea/
フレッシュつちやま,https://store.ponparemall.com/tutiyama/
JOYアイランド(ジョイアイランド),https://store.ponparemall.com/joy-island/
サプリメント健康雑貨のお店　若杉,https://store.ponparemall.com/wakasugi/
こまもの本舗,https://store.ponparemall.com/komamono/
お茶のくわ乃園　ポンパレモール店,https://store.ponparemall.com/kuwanoen/
Acloth【アクロス】,https://store.ponparemall.com/acloth/
ワンピース&結婚式ドレスPourVous,https://store.ponparemall.com/pourvous/
marcoplus,https://store.ponparemall.com/marcoplus/
安全モール(ANZEN MALL),https://store.ponparemall.com/anzenmall/
3DIRECT,https://store.ponparemall.com/3direct/
エクステルホームズ　PM店,https://store.ponparemall.com/xhome/
うにカニまぐろなら築地の王様,https://store.ponparemall.com/tsukiji-no-ousama/
メディアワールド,https://store.ponparemall.com/mediaworld/
東急スポーツオアシス,https://store.ponparemall.com/109oasis/
格安ゴルフ,https://store.ponparemall.com/kakuyasugolf/
Linda,https://store.ponparemall.com/linda/
レコスメ(recosme),https://store.ponparemall.com/recosme/
作業服・作業着のworkTK,https://store.ponparemall.com/worktk/
ネクストワンワールド,https://store.ponparemall.com/nextoneworld/
ゆめ画材,https://store.ponparemall.com/yumegazai/
LandMall　ランドモール,https://store.ponparemall.com/landmall/
はんこ祭り,https://store.ponparemall.com/hankomaturi/
スマホケースJACKポンパレモール店,https://store.ponparemall.com/jack/
SUGAR,https://store.ponparemall.com/sugar/
タンタンショップ,https://store.ponparemall.com/tantan-shop/
アットスタイル(アットstyle),https://store.ponparemall.com/contactlens/
新宿銀の蔵,https://store.ponparemall.com/ginnokura/
くり屋南陽軒,https://store.ponparemall.com/okashi/
てんどう　フーズ　うまいもの通販,https://store.ponparemall.com/tendofoods/
サプリメントカフェ　PM店,https://store.ponparemall.com/supplement-cafe/
オーリック,https://store.ponparemall.com/kinko/
フォーマルドレスshopドレスモード,https://store.ponparemall.com/dressmode/
老舗の匠　製麺処　桔梗庵,https://store.ponparemall.com/kikyoya/
うなぎのたなか,https://store.ponparemall.com/eel-tanaka/
イクズス,https://store.ponparemall.com/ikuzus/
プレゼント・ネット,https://store.ponparemall.com/presentnet/
米穀店　食の健康社,https://store.ponparemall.com/shokuken/
WebShopびーだま ポンパレモール店,https://store.ponparemall.com/bii-dama/
手作り工房　ぷすぷすん,https://store.ponparemall.com/pusupusun/
会津夢の郷,https://store.ponparemall.com/aiduyumenosato/
エイムキューブ‐ポンパレモール店,https://store.ponparemall.com/aimcube/
ナチュレーヌ　オンラインショップ,https://store.ponparemall.com/natureine/
海の幸なのにYAMATO,https://store.ponparemall.com/sed-ymt/
ジュエリーウォーク心斎橋,https://store.ponparemall.com/walk/
ラムビット,https://store.ponparemall.com/rambbit/
自然の館,https://store.ponparemall.com/shizennoyakata/
クニスタイル(kuni style),https://store.ponparemall.com/kunistyle/
こだわりの酒「虎ノ門升本」,https://store.ponparemall.com/toranomonmasumoto/
ベストセレクト,https://store.ponparemall.com/best-select/
すててこねっと,https://store.ponparemall.com/suteteko/
イノセントレーベル,https://store.ponparemall.com/inno/
西川チェーン布団shop【四十坊】,https://store.ponparemall.com/shijubo/
みよし漆器本舗,https://store.ponparemall.com/miyoshishikki/
インテリア雑貨　Cute,https://store.ponparemall.com/jcom316-cute/
阿波牛の藤原,https://store.ponparemall.com/fujiwara1129/
プリューム,https://store.ponparemall.com/plume/
アジアンクローゼット,https://store.ponparemall.com/asian-closet/
Re:EDIT(リエディ) by GALSTAR,https://store.ponparemall.com/galstar/
内山スポーツ,https://store.ponparemall.com/uchiyama-sports/
SPORTUS,https://store.ponparemall.com/back/
青森黒にんにく製造販売の店,https://store.ponparemall.com/aomorikuroninniku/
米問屋蔵之助,https://store.ponparemall.com/komedonya/
梅春いちやポンパレモール店,https://store.ponparemall.com/umeharu/
靴のAIKA,https://store.ponparemall.com/aika0824/
ワールドゴルフ,https://store.ponparemall.com/worldgolf/
A-ki Flower Je,https://store.ponparemall.com/a-kifj/
フルーツショップ千馬,https://store.ponparemall.com/fruits-senba/
インテリアきらめき,https://store.ponparemall.com/interia-kirameki/
メアシス,https://store.ponparemall.com/measis/
ティーアップ　ポンパレモール店,https://store.ponparemall.com/t-up2007/
尾道の昆布問屋　ポンパレモール店,https://store.ponparemall.com/konbu-onomichi/
antelope,https://store.ponparemall.com/antelope/
博多風美庵　ポンパレモール店,https://store.ponparemall.com/fuubian/
福井の米屋,https://store.ponparemall.com/fukuinokomeya/
リビングート　ポンパレモール店,https://store.ponparemall.com/livingut/
バック財布ブランド専門店YBJ SHOP,https://store.ponparemall.com/ybjshop/
DAILY NJ,https://store.ponparemall.com/dailynj/
リプサ　ポンパレモール店,https://store.ponparemall.com/ripusa/
インテリア家具通販　サンゴ,https://store.ponparemall.com/kagusango/
S-mart　ポンパレモール店,https://store.ponparemall.com/s-mart/
ワイルドフィット,https://store.ponparemall.com/wildfit/
GLOBAL GARDEN,https://store.ponparemall.com/globalgarden/
RYP Co.Ltd,https://store.ponparemall.com/zippo/
HygieneStore ポンパレモール店,https://store.ponparemall.com/hygiene-store/
美食工芸職人の店ポンパレモール店,https://store.ponparemall.com/dfcws/
あきし野sleeping-shop,https://store.ponparemall.com/akishino/
スーツデポ,https://store.ponparemall.com/suit-depot/
メディアセンター　ＰＰＭ店,https://store.ponparemall.com/mediacenter-ppm/
ANAGRAM アナグラム,https://store.ponparemall.com/anagram/
ココデカウ,https://store.ponparemall.com/cocodecow/
KOTEN Shop ポンパレモール店,https://store.ponparemall.com/koten/
ワイン館ビバヴィーノ,https://store.ponparemall.com/viva-vino/
かばんのホームデコ　PM店,https://store.ponparemall.com/homedecor/
いまどき本舗,https://store.ponparemall.com/imadoki/
T-timeせとうち広告,https://store.ponparemall.com/t-time/
エクセレントメディカル,https://store.ponparemall.com/pycno/
WIBERTA SHOP ポンパレモール店,https://store.ponparemall.com/liberta/
レモンの木　ポンパレモール店,https://store.ponparemall.com/lemonno-ki/
ファームガーデンネットショップ,https://store.ponparemall.com/farmgarden/
ル・コルドン・ブルー,https://store.ponparemall.com/cordonbleu-ch/
39happy,https://store.ponparemall.com/39happy/
ファーストサイト,https://store.ponparemall.com/firstsight/
ギフト工房愛来−内祝い・贈答品−,https://store.ponparemall.com/aikuru/
蒲屋忠兵衛商店,https://store.ponparemall.com/kamachu/
ツボナキッチュ,https://store.ponparemall.com/tsubona/
Body Eco,https://store.ponparemall.com/bodyeco/
おいしく飲呑会,https://store.ponparemall.com/nondonkai/
エターナルジェム,https://store.ponparemall.com/eternal/
贅沢屋,https://store.ponparemall.com/zeitakuya/
くらし百科ゴン太,https://store.ponparemall.com/kurashi100/
NICHIGA　ポンパレモール店,https://store.ponparemall.com/nichiga/
ribbon-net shop,https://store.ponparemall.com/ribbon-net/
ファニチャーワールド,https://store.ponparemall.com/furnitureworld/
ふぁんくる,https://store.ponparemall.com/fankle/
Korezo 秦荘店,https://store.ponparemall.com/hatasyou/
アクセサリーショップ 2PIECES,https://store.ponparemall.com/2pcs/
純米酒とクラフトビールの上げ馬,https://store.ponparemall.com/ageumabeer/
お風呂のソムリエSHOP！,https://store.ponparemall.com/bath-sommelier/
インテリアasuka,https://store.ponparemall.com/asuka/
マルハンチャンネル,https://store.ponparemall.com/mitsuboshi/
リゲッタ公式ショップ,https://store.ponparemall.com/altolibro/
ソックスbox408,https://store.ponparemall.com/box408/
オフィス店舗用品トップジャパン,https://store.ponparemall.com/nihonkiki/
アジアン＆カジュアル マーライ,https://store.ponparemall.com/marai/
etre！par　bleu　comme　bleu　,https://store.ponparemall.com/bleucommebleu/
ミシン一番,https://store.ponparemall.com/mm1/
一冨士　ポンパレモール店,https://store.ponparemall.com/ichifuji-wakayama/
CIARA,https://store.ponparemall.com/ciara/
相馬グリーン,https://store.ponparemall.com/somagreen/
旨幸　ポンパレモール店,https://store.ponparemall.com/sunlout/
ROOMY,https://store.ponparemall.com/roomy/
ケーズシステム　ポンパレモール店,https://store.ponparemall.com/kssystem/
ミシンジャパン,https://store.ponparemall.com/mishin-shop/
岐阜中津川ちこり村,https://store.ponparemall.com/saladcosmo/
K・F・V　FRUIT,https://store.ponparemall.com/kfv-fruit/
皮の但馬屋,https://store.ponparemall.com/kawanotajimaya/
ハニースマイリーズ　PPM店,https://store.ponparemall.com/honeysmileys/
薫る花,https://store.ponparemall.com/kaoruhana/
良品家電,https://store.ponparemall.com/r-kaden/
T-富士薬品,https://store.ponparemall.com/fujiyaku/
おざき葡萄酒店,https://store.ponparemall.com/ozakiwine/
ニチエー　ポンパレモール店,https://store.ponparemall.com/nichiei/
ホビナビ,https://store.ponparemall.com/hobinavi/
誕生石・宝石のヨコヤマ,https://store.ponparemall.com/yokoyama1/
南風堂ポンパレモール店,https://store.ponparemall.com/nanpudou/
新鮮うまいもん市場,https://store.ponparemall.com/umaimonichiba/
マーちゃんマート,https://store.ponparemall.com/torimasu/
Ｋａｒｌｙ　Ｓｈｏｐ,https://store.ponparemall.com/karlyshop/
自然のくらし,https://store.ponparemall.com/naturallife/
玉乃光酒造ポンパレモール店,https://store.ponparemall.com/tamanohikari/
Beautyfactory,https://store.ponparemall.com/belmo/
一の縁,https://store.ponparemall.com/ichinoen/
グルメ通り,https://store.ponparemall.com/gurumedoori/
ライス宮城,https://store.ponparemall.com/rice-miyagi/
久保田薬局　ポンパレモール店,https://store.ponparemall.com/kubota-p/
ヴァルハラ(walhalla),https://store.ponparemall.com/walhalla/
マイラボ,https://store.ponparemall.com/mylab/
ダブル,https://store.ponparemall.com/double/
逸品ショップ,https://store.ponparemall.com/ippin/
オリスマ　ポンパレモール店,https://store.ponparemall.com/orisma/
パウパウバザール(PAUPAU BAZAAL),https://store.ponparemall.com/paupaubazaal/
犬の洋服屋さん ポンパレモール店,https://store.ponparemall.com/dism/
なに酒・菓子・食るん　酒のにしだ,https://store.ponparemall.com/sakenonishida/
健康エクスプレス,https://store.ponparemall.com/kenkoex/
オートパーツ　フジプランニング,https://store.ponparemall.com/auc-fujiplan/
日本プリメックスポンパレモール店,https://store.ponparemall.com/primex/
越前かに問屋ますよね,https://store.ponparemall.com/masuyone/
Cafe de Donguri ポンパレモール店,https://store.ponparemall.com/donguri/
梱包資材の店LALACHYAN,https://store.ponparemall.com/lalachyan/
旅行用品の専門店　コンサイス,https://store.ponparemall.com/concise/
アイアイマーケット,https://store.ponparemall.com/aiaimarket/
Yoijimu,https://store.ponparemall.com/yoijimu/
総合通販サイト　やるCan,https://store.ponparemall.com/yarucan/
第一北海丸,https://store.ponparemall.com/hokkaimaru/
京都園芸広場,https://store.ponparemall.com/kyotane/
ぬりもの屋　井出漆器,https://store.ponparemall.com/nurimonoya/
FleurTown　吉本花城園,https://store.ponparemall.com/kajoen/
ネオワン　ポンパレモール店,https://store.ponparemall.com/neoone/
ビーティー,https://store.ponparemall.com/beety/
米沢牛専門店さかの　ＰＰＭ店,https://store.ponparemall.com/sakano/
素肌べっぴん館,https://store.ponparemall.com/stayfree/
エムアイシー21(mic21),https://store.ponparemall.com/mic21/
カーテンチアフル,https://store.ponparemall.com/curtaincheerful/
ベータ食品,https://store.ponparemall.com/beta/
贈り物本舗じざけや,https://store.ponparemall.com/sake-gets/
カラーハーモニー,https://store.ponparemall.com/colour-harmony/
がらんどう,https://store.ponparemall.com/garandou/
小動物用品専門店e-ペット屋さん,https://store.ponparemall.com/e-petyasan/
産地から玄関へ,https://store.ponparemall.com/wamers/
澤井珈琲,https://store.ponparemall.com/sawaicoffee/
万糧米穀,https://store.ponparemall.com/manryo/
カービーズ(Curvy's),https://store.ponparemall.com/curvys/
くまもと風土　ポンパレモール店,https://store.ponparemall.com/kumamoto-food/
Cスタイル　ポンパレモール店,https://store.ponparemall.com/c-style/
木のおもちゃコモック,https://store.ponparemall.com/kinoomocha/
筆匠　朱陽堂,https://store.ponparemall.com/shuyodo/
今！このGOODS！ーUYEKI公式SHOPー,https://store.ponparemall.com/uyeki/
まいどドラッグ,https://store.ponparemall.com/maido-drug/
Sally Prize,https://store.ponparemall.com/sally-prize/
サクラソーケンネル　PM店,https://store.ponparemall.com/sakurasow/
エムロック,https://store.ponparemall.com/mrock/
京都の手彫り仕上げ印鑑西野工房,https://store.ponparemall.com/e-nisino/
フリーヴ,https://store.ponparemall.com/freeve/
スザキーズ,https://store.ponparemall.com/suzaki-futon/
ゆにゅうどっとねっと,https://store.ponparemall.com/you-new/
海と大地の直送便,https://store.ponparemall.com/gohannootomo/
えびす商店,https://store.ponparemall.com/ebisu-shoten/
メモリーデポ,https://store.ponparemall.com/memory/
倉庫ダイレクト　ポンパレモール店,https://store.ponparemall.com/soko-direct/
アカナ・オリジンフードの新堀商店,https://store.ponparemall.com/shinborishoten/
ワールドコンタクト,https://store.ponparemall.com/worldcontact/
クイックスピードＰ,https://store.ponparemall.com/quickspeedp/
今井ファーム,https://store.ponparemall.com/imaifarm/
美食点心ぎょうざ館,https://store.ponparemall.com/gyouzakan/
ホビーショップ　ケンビル,https://store.ponparemall.com/kenbill/
フーズランド北海道,https://store.ponparemall.com/foodsland/
ifuton-works,https://store.ponparemall.com/ifuton-works/
絹物語しらはた,https://store.ponparemall.com/silk-health/
mili an deni,https://store.ponparemall.com/miliandeni/
松屋町　萬,https://store.ponparemall.com/matsuyamachi-man/
楽市きもの館,https://store.ponparemall.com/rakuichi-kimono/
京の飴工房,https://store.ponparemall.com/iwaiseika/
shoes　K,https://store.ponparemall.com/shoes-k/
You show shop,https://store.ponparemall.com/vaps/
Arcadia,https://store.ponparemall.com/arcadia/
チャップリン　ポンパレモール店,https://store.ponparemall.com/chaplin830/
アースコンタクト,https://store.ponparemall.com/earth-contact/
ナデシコの森,https://store.ponparemall.com/dream/
嘉年華,https://store.ponparemall.com/jnh/
Shoesquare　シュースクエア,https://store.ponparemall.com/shoesquare/
色見本のG＆E,https://store.ponparemall.com/dtp/
ルブレ,https://store.ponparemall.com/rubure/
SORA,https://store.ponparemall.com/dvd-blu-ray-filmeiga-sora/
ソーダストリームポンパレモール店,https://store.ponparemall.com/sodastream/
KOICHIショップ,https://store.ponparemall.com/koichi/
andex shoes product,https://store.ponparemall.com/andex-shoes-product/
Santasan,https://store.ponparemall.com/santasan/
アットビューティー,https://store.ponparemall.com/atbeauty/
ピットスポーツ　ポンパレモール店,https://store.ponparemall.com/pit-sports/
讃岐うどんのこんぴらや,https://store.ponparemall.com/konpiraya/
ショップ　ユニオン　PM店,https://store.ponparemall.com/yunionpm/
LONDBELL（ロンドベル）,https://store.ponparemall.com/londbell/
京都スタイル,https://store.ponparemall.com/kyotostyle/
kanaemina,https://store.ponparemall.com/kanaemina/
jolifavori,https://store.ponparemall.com/jolifavori/
マッキー,https://store.ponparemall.com/mckey/
Import Shop P.I.T.,https://store.ponparemall.com/brand-pit/
ひまわり堂雑貨店,https://store.ponparemall.com/himawarido/
グリーンフィル,https://store.ponparemall.com/greenfil/
オーダースーツ注文紳士服アベ,https://store.ponparemall.com/abesuit/
薬草の森はくすい堂,https://store.ponparemall.com/yakusou/
リリータ生活倶楽部ｐｏｎ,https://store.ponparemall.com/aandi/
肉工房三協,https://store.ponparemall.com/nikukoubou-sankyo/
さんきん,https://store.ponparemall.com/sankin/
アコレイ,https://store.ponparemall.com/akorei/
Bag Shop BASTTA,https://store.ponparemall.com/bastta/
道産ネット,https://store.ponparemall.com/dousan/
アカムス,https://store.ponparemall.com/acomes/
キムチのほし山,https://store.ponparemall.com/hoshiyama/
ベストHBI,https://store.ponparemall.com/besthbi/
スローフードのお店 Q’s,https://store.ponparemall.com/qshoku/
八庵　ポンパレモール店,https://store.ponparemall.com/hachian/
リコメン堂,https://store.ponparemall.com/rcmd/
山陰海の幸　いそはま本舗,https://store.ponparemall.com/isomaru/
A-life Shop,https://store.ponparemall.com/a-life/
ボンサーンス,https://store.ponparemall.com/hana/
箸屋助八,https://store.ponparemall.com/suehirogari/
お酒のchumeian,https://store.ponparemall.com/chumeian/
MAKI　スポーツ,https://store.ponparemall.com/wavestretchring/
粗品・イベント景品の粗品屋本舗,https://store.ponparemall.com/sosinaya/
ガールズエッグ(GirlsEgg),https://store.ponparemall.com/girlsegg/
工房百の手,https://store.ponparemall.com/hyakunote/
京都 和匠ポラーコ,https://store.ponparemall.com/polako/
ためのぶストア,https://store.ponparemall.com/tamenobu/
B‐side ポンパレモール店,https://store.ponparemall.com/b-side/
ミィーミ,https://store.ponparemall.com/mi-mi/
TEES　FACTORY,https://store.ponparemall.com/teesfactory/
CHANGE,https://store.ponparemall.com/change/
ワインショップソムリエ　ＰＰＭ店,https://store.ponparemall.com/wsommelier/
メアリーココ(MaryCoco),https://store.ponparemall.com/marycoco/
かばんのミヤモト,https://store.ponparemall.com/kabanmiyamoto/
測定器・工具のイーデンキ　PM店,https://store.ponparemall.com/edenki/
GreenAgent Store,https://store.ponparemall.com/greenagentstore/
プレコハウス,https://store.ponparemall.com/pureco/
北村被服　ポンパレモール店,https://store.ponparemall.com/kitamura-hifuku/
越後村上うおや,https://store.ponparemall.com/uoya/
イベントグッズ専門店,https://store.ponparemall.com/epkyoto/
アップルスポーツ,https://store.ponparemall.com/applesp/
安心安全の食品館,https://store.ponparemall.com/ansinsyokuhinkan/
タオル問屋　泉福本店　PPM店,https://store.ponparemall.com/e-taoru/
チャイナノーヴァ（中華専門店）,https://store.ponparemall.com/chanova/
福寿鉱泉販売所,https://store.ponparemall.com/2910shop/
ハーブ＆サプリ工房,https://store.ponparemall.com/herbsupple/
CPE-Mart,https://store.ponparemall.com/cpemart/
めしや,https://store.ponparemall.com/mon-marche/
ホワイトナッツ,https://store.ponparemall.com/whitenuts/
コンタクト市場,https://store.ponparemall.com/contact/
アズショップ,https://store.ponparemall.com/azushop/
select shop　インスピレーション,https://store.ponparemall.com/inspiration/
バンダレコード,https://store.ponparemall.com/vanda/
ミッサモーレ(MISSA・MORE),https://store.ponparemall.com/missa-more/
自家焙煎珈琲豆挽売　八月の犬,https://store.ponparemall.com/hatiinu/
ヴェリタス〜輸入直販ワイン専門店,https://store.ponparemall.com/veritas/
鎌倉カフス工房(鎌倉工房),https://store.ponparemall.com/cuffs-kobo/
THREE WOOD　ポンパレモール店,https://store.ponparemall.com/threewoodjapan/
エクセラー,https://store.ponparemall.com/excellar/
お宝ワールド(お宝WORLD),https://store.ponparemall.com/otakaratuuhan/
ジャラハニー専門店　MEDYーJARA,https://store.ponparemall.com/medyjara/
BCPポンパレモール店,https://store.ponparemall.com/best-c-p/
ホイマイポンパレモール店,https://store.ponparemall.com/hoimai/
ザッカーグplus いいもの見つけた,https://store.ponparemall.com/zakka-gu/
おむつケーキconcierge AIRIM baby,https://store.ponparemall.com/airim-baby/
アートフォーシーズン,https://store.ponparemall.com/a4s/
ネットパワーズ,https://store.ponparemall.com/netpowers/
イングの森,https://store.ponparemall.com/mankai/
リカーステーション酒市場,https://store.ponparemall.com/sakeichiba/
のみモン,https://store.ponparemall.com/nomimon/
ぐっはび生活　ポンパレモール店,https://store.ponparemall.com/madeearth/
ノムバラ(NO-MU-BA-RA),https://store.ponparemall.com/nomubara/
ル・クール,https://store.ponparemall.com/le-coeur/
Les bourgeons,https://store.ponparemall.com/les-bourgeons/
ローズベイビューティラウンジ,https://store.ponparemall.com/rosebay/
プラスデザイン,https://store.ponparemall.com/plusdesign/
aimoha　fashion　,https://store.ponparemall.com/brand-aimoha/
ふみこ農園,https://store.ponparemall.com/fumikonouen/
ショッパーズLA,https://store.ponparemall.com/shoppersla/
極旨らいす,https://store.ponparemall.com/gokuuma/
おとぎの国 マリアージュ,https://store.ponparemall.com/otogino/
なごみ,https://store.ponparemall.com/nagomi/
AS shop,https://store.ponparemall.com/as-shop/
通販カーテン屋,https://store.ponparemall.com/curtain-ya/
お米のくりや,https://store.ponparemall.com/okomekuriya/
肉のいとうポンパレモール店,https://store.ponparemall.com/nikuno-ito/
神林堂,https://store.ponparemall.com/shinrindo/
clover(クローバー),https://store.ponparemall.com/clover/
CUORE（クオーレ）,https://store.ponparemall.com/cuore/
イチカワクリーニング,https://store.ponparemall.com/ichikawa929/
BAZZSTORE（バズストア）,https://store.ponparemall.com/bazzstore/
刺繍の森X-CLOTHES-3号店,https://store.ponparemall.com/fit/
アルデ(alude),https://store.ponparemall.com/onestep/
うめ海鮮,https://store.ponparemall.com/umekaisen/
まるきん寿,https://store.ponparemall.com/marukin123/
三共サプリ　ポンパレモール店,https://store.ponparemall.com/sankyo-supple/
LUMOS,https://store.ponparemall.com/lumos/
アカシ,https://store.ponparemall.com/akashishop/
ルピス（LUPIS）,https://store.ponparemall.com/lupis/
トスパ世界の国旗販売ショップ,https://store.ponparemall.com/tospa/
至福の酒,https://store.ponparemall.com/shihukunosake/
伊藤農園,https://store.ponparemall.com/ito-noen/
インナーショップ　Diamond Hearts,https://store.ponparemall.com/diamondhearts/
タカハシ,https://store.ponparemall.com/takahashi-wear/
スプートニクス(SPUTNICKS),https://store.ponparemall.com/spu/
靴のリード,https://store.ponparemall.com/lead/
本物を追求するフォーシーズン,https://store.ponparemall.com/t-fourseason/
アートフラワーショップきつつき,https://store.ponparemall.com/kitutuki/
モーストプライス,https://store.ponparemall.com/mostprice/
いろどり館,https://store.ponparemall.com/irodorikan/
明治四十年創業　熊野筆文宏堂,https://store.ponparemall.com/bunkodo/
ごくすぽ,https://store.ponparemall.com/gokuspo/
世界良品通販,https://store.ponparemall.com/world-good/
シャンプーピンキー,https://store.ponparemall.com/pinky/
浜名湖産直マーケット,https://store.ponparemall.com/hamanako/
PDA工房,https://store.ponparemall.com/pda/
ドラッグフォーユーネットショップ,https://store.ponparemall.com/fukuei/
WHITESWEET,https://store.ponparemall.com/coverforefront/
e-net shop,https://store.ponparemall.com/enetshop/
ドイツハムの軽井沢キッツビュール,https://store.ponparemall.com/kitzbuehl/
インク王国,https://store.ponparemall.com/inkoukoku/
アライカメラ,https://store.ponparemall.com/arai/
【今治】タオル工房　mao,https://store.ponparemall.com/maruei-towel/
朝ごはん本舗,https://store.ponparemall.com/asagohanhonpo/
富山・石川の地酒問屋　和田屋,https://store.ponparemall.com/wadaya/
クラッセ,https://store.ponparemall.com/classe-life/
ふとん工場サカイ,https://store.ponparemall.com/sakai-f/
食探七福神,https://store.ponparemall.com/syokutan/
祭りのええもん,https://store.ponparemall.com/eemon/
大阪の味　ゆうぜん,https://store.ponparemall.com/yuuzen/
越境株式会社ポンパレモール店,https://store.ponparemall.com/ekkyou/
KASHIMA,https://store.ponparemall.com/kashima/
ESTOAH.home エストアホーム,https://store.ponparemall.com/estoah/
DLストア,https://store.ponparemall.com/dlstore/
TeddyShop,https://store.ponparemall.com/teddyshop/
足湯フットバス　通販はスパテクノ,https://store.ponparemall.com/spatecno/
あっとらいふ,https://store.ponparemall.com/yorozuya/
NeedNetwork,https://store.ponparemall.com/neednetwork/
しゃぶまるネットショップ,https://store.ponparemall.com/syabumaru/
スーツケース工房,https://store.ponparemall.com/suitcasekoubou/
ハリカ　ポンパレモール店,https://store.ponparemall.com/harika/
LOHAS DESIGN,https://store.ponparemall.com/lohasdesign/
イーユニット,https://store.ponparemall.com/e-unit/
家具・インテリアのフォーリーフ,https://store.ponparemall.com/four-leaf/
氷販売店,https://store.ponparemall.com/ko-ri/
ヒマラヤ　アウトドア専門店,https://store.ponparemall.com/himarayaod/
夢展望,https://store.ponparemall.com/yumetenbo/
ハッピーショップ(Happyshop),https://store.ponparemall.com/happyshop/
MotoGoods Market,https://store.ponparemall.com/mg-market/
プリティウーマン,https://store.ponparemall.com/prettyw/
ヤスイチ,https://store.ponparemall.com/yasuichi/
自転車の九蔵,https://store.ponparemall.com/kyuzo/
ソファーメーカー直販店 和楽,https://store.ponparemall.com/waraku/
e-mon,https://store.ponparemall.com/p-tabemall/
ショップ球太,https://store.ponparemall.com/kyuta/
クレープ工房,https://store.ponparemall.com/crepe/
みやざき日南物屋,https://store.ponparemall.com/hinamonya/
こやま園,https://store.ponparemall.com/kyme/
ＯＳＹＡＲＥＶＯ,https://store.ponparemall.com/osyarevo/
マインドワイズ,https://store.ponparemall.com/mindwise/
ファッションラボ,https://store.ponparemall.com/fashion-labo/
フェルザジャパン,https://store.ponparemall.com/fuerza/
Ｓｈｕｎａ　Ｓｈｕｎａ,https://store.ponparemall.com/shunashuna/
五番街〜バッグ・財布のお店,https://store.ponparemall.com/gobangai/
オーケーフルーツ,https://store.ponparemall.com/okfruits/
オールジュエリー,https://store.ponparemall.com/alljewelry/
エムエムワールド,https://store.ponparemall.com/mmworld/
フジックス,https://store.ponparemall.com/fujix/
フィル　ハート,https://store.ponparemall.com/fillheart/
alpha mode ポンパレモール店,https://store.ponparemall.com/alpha-mode/
お取寄せ本舗イース,https://store.ponparemall.com/e-sjapan/
ジェニーインターナショナル(JENNY INTERNATIONAL),https://store.ponparemall.com/jenny/
世界のお土産通販【ギフトランド】,https://store.ponparemall.com/trv/
メーカー直販あったか寝具快適寝具,https://store.ponparemall.com/direct-shop/
karei,https://store.ponparemall.com/karei/
へるすぴあ,https://store.ponparemall.com/healthpia/
金華shop,https://store.ponparemall.com/kinkashop/
メーベル(Mobel),https://store.ponparemall.com/mobel/
WINES-R,https://store.ponparemall.com/wines-r/
ラケットプラザ,https://store.ponparemall.com/racket/
ギガメディア　webショップ,https://store.ponparemall.com/gigamedia/
よか魚ドットコム,https://store.ponparemall.com/yokasakana/
CAMERON,https://store.ponparemall.com/cameron/
One Scene,https://store.ponparemall.com/one-scene/
ウィッチェリー　ポンパレモール店,https://store.ponparemall.com/witchery/
メディストック,https://store.ponparemall.com/medistock/
セレクトショップ−閃き−,https://store.ponparemall.com/hirameki/
セレクトショップ　アルルカン,https://store.ponparemall.com/arlqn/
惣菜レストランわくわく,https://store.ponparemall.com/wakuwaku7460/
Aina,https://store.ponparemall.com/aina/
ハイブリッドスタイル(HYBRID STYLE),https://store.ponparemall.com/hybridstyle/
パソコン専門店　Ｂｅ−Ｓｔｏｃｋ,https://store.ponparemall.com/be-stock/
グラスゴー,https://store.ponparemall.com/glassgow/
花梨化粧水 専門店,https://store.ponparemall.com/karin/
キャンディコムウェア,https://store.ponparemall.com/candy/
うし源本店,https://store.ponparemall.com/ushigen/
大阪王将,https://store.ponparemall.com/ohsho/
んまーいmon屋,https://store.ponparemall.com/nma-imonya/
セレクトショップ　クルーズ世田谷,https://store.ponparemall.com/crues/
MONCHERI,https://store.ponparemall.com/moncheri-nail/
越前・味浪漫,https://store.ponparemall.com/echizenkani/
老舗高級肉卸　日産食品,https://store.ponparemall.com/nissanfoods/
リオティ(Rioty),https://store.ponparemall.com/rioty/
リサイクルトナー優良一番館,https://store.ponparemall.com/sunoffice/
奄美市場,https://store.ponparemall.com/amami/
CLOSE-UP,https://store.ponparemall.com/close-up/
ガーデン　ストーリー,https://store.ponparemall.com/garden-story/
プリズムサーカス,https://store.ponparemall.com/prismcircus/
TOSショップ,https://store.ponparemall.com/tos-c/
oilstation,https://store.ponparemall.com/oilstation/
サンバナチュラル,https://store.ponparemall.com/sambanatural/
九州からの贈り物ポンパレモール店,https://store.ponparemall.com/palm-gift/
フォローズ　surf＆snow,https://store.ponparemall.com/follows/
櫛田養鶏場　ポンパレモール店,https://store.ponparemall.com/kushida-yo-kei/
まぐろ処一条,https://store.ponparemall.com/ichijyo/
餅よし,https://store.ponparemall.com/mochiyosi/
リフォームおたすけDIY,https://store.ponparemall.com/diy/
お茶はやっぱりみやおえん,https://store.ponparemall.com/miyaoen/
家呑み酒房ひまわりやＰＭ店,https://store.ponparemall.com/himawariya/
越後長岡　佐田酒店,https://store.ponparemall.com/sada-sake/
confianceshop,https://store.ponparemall.com/confianceshop/
チャーミ,https://store.ponparemall.com/charmy/
美肌の森(旧コスメ市場),https://store.ponparemall.com/bihada-mori/
小樽きたいち,https://store.ponparemall.com/otarukitaichi/
遊恵盆栽　ポンパレモール店,https://store.ponparemall.com/yukei/
マルカワ　海響　ポンパレモール店,https://store.ponparemall.com/shimonoseki-kaikyou/
翌日配達お花屋さん,https://store.ponparemall.com/webflora/
JokerFace,https://store.ponparemall.com/joker-face/
赤坂ワインストア　エラベル,https://store.ponparemall.com/erabell/
PCASTORE,https://store.ponparemall.com/pcastore/
nuna,https://store.ponparemall.com/nuna/
WOOD JOB,https://store.ponparemall.com/woodjob/
北海道熊笹本舗　ポンパレモール店,https://store.ponparemall.com/kumazasahonpo/
あなたと私の宝石箱,https://store.ponparemall.com/hosekibako/
ルモード,https://store.ponparemall.com/lemode/
BILA Beauty,https://store.ponparemall.com/bilabeauty/
レインボー雑貨屋,https://store.ponparemall.com/rainbow-shop/
SakuraStyle ポンパレモール店,https://store.ponparemall.com/sakurastyle/
PCあきんど,https://store.ponparemall.com/akindo/
グルメコーヒー豆専門！加藤珈琲店,https://store.ponparemall.com/gourmetcoffee/
HB-101　ポンパレモール店,https://store.ponparemall.com/hb-101-flora/
カークリーニング用品のアクス,https://store.ponparemall.com/axe/
シューファンタジー(Shoe　Fantasy),https://store.ponparemall.com/shoefan/
レンズピット　PONPAREMALL店,https://store.ponparemall.com/lenspit/
hotlove netshop,https://store.ponparemall.com/hotlove/
木の香　日光那須　ＰＰＭ店,https://store.ponparemall.com/konoka-nikkonasu/
N2　ファクトリー,https://store.ponparemall.com/n2factory/
リコメン堂ファッション館,https://store.ponparemall.com/rcmdfa/
カーピットアイドル　PM店,https://store.ponparemall.com/carpitidol/
ゲームだらけ,https://store.ponparemall.com/gamedarake/
ミッションプライズ,https://store.ponparemall.com/mission-praise/
福吉鞄店,https://store.ponparemall.com/fukukichi/
ショッピング　イタリアーナ,https://store.ponparemall.com/italia-na/
ヒマラヤ　野球ソフト専門店,https://store.ponparemall.com/himaraya-bb/
ヒマラヤサッカーフットサル専門店,https://store.ponparemall.com/himarayasc/
まれなりショップポンパレモール店,https://store.ponparemall.com/marenari/
プロミッシング　エイチ,https://store.ponparemall.com/a-chi/
リコメン堂インテリア館,https://store.ponparemall.com/rcmdin/
リコメン堂生活館,https://store.ponparemall.com/rcmdse/
京橋ワイン　ポンパレモール店,https://store.ponparemall.com/kbwine/
SILVER KYASYA　ポンパレモール店,https://store.ponparemall.com/silverkyasya/
イブショップ　ポンパレモール店,https://store.ponparemall.com/eve-shop/
収納雑貨ツエッペ,https://store.ponparemall.com/zeppe/
通販タウン・ポンパレモール店,https://store.ponparemall.com/tsuhantown/
タオル産地の製造・直売　夢工房,https://store.ponparemall.com/yumekobo/
トレカショップ二木,https://store.ponparemall.com/niki/
カネリン(Kanerin),https://store.ponparemall.com/kanerin/
産直だより,https://store.ponparemall.com/sanchokudayori/
フィッシング遊　ポンパレモール店,https://store.ponparemall.com/fishing-you/
L　エル　ポンパレモール店,https://store.ponparemall.com/elelerueru/
TROPICANA神戸,https://store.ponparemall.com/tropicana-kobe/
レンズアミーゴ　PONPAREMALL店,https://store.ponparemall.com/lensamigo/
Ｇａ　Ｇａ　ｓｈｏｐ,https://store.ponparemall.com/gagashop/
パーツヤード　オンリーワン,https://store.ponparemall.com/onlyone01/
インタークリスティーヌ,https://store.ponparemall.com/inter-c/
ソレイユ,https://store.ponparemall.com/soleil/
ビノワコスメティック　PM店,https://store.ponparemall.com/benowa/
ヒマラヤ　ランニング専門店,https://store.ponparemall.com/himarayarunning/
KEEP YOU,https://store.ponparemall.com/keepyou/
ペッツマム,https://store.ponparemall.com/petsmum/
プレミアムセレクト,https://store.ponparemall.com/puremiamuserekuto/
ＮＥＸＴ−Ｒ,https://store.ponparemall.com/nextr/
Uniko,https://store.ponparemall.com/uniko/
サウスコースト,https://store.ponparemall.com/southcoast/
bookfan ポンパレモール店,https://store.ponparemall.com/bookfan/
成城石井,https://store.ponparemall.com/seijoishii/
紀州和歌山てんこもり,https://store.ponparemall.com/segp-shop/
チャイナドレスのHOTARU,https://store.ponparemall.com/chinahotaru/
ワイン紀行,https://store.ponparemall.com/ichiishop/
ショッピングアベニュー,https://store.ponparemall.com/avenue/
Ahorita（アオリッタ）,https://store.ponparemall.com/ahorita/
くらし快援隊,https://store.ponparemall.com/kurashi-kaientai/
サプライズweb,https://store.ponparemall.com/surpriseweb/
AZ.Market,https://store.ponparemall.com/az-market/
ほっとえむ,https://store.ponparemall.com/hot-emu/
U-LIFE HOME FASHION,https://store.ponparemall.com/u-life/
ザ・ケースファクトリー,https://store.ponparemall.com/thecasefactory/
高級靴 Discount Shop Precious,https://store.ponparemall.com/regalo/
ヒマラヤトレーニングフィットネス,https://store.ponparemall.com/himarayatr-fit/
ディスカウ ポンパレモール店,https://store.ponparemall.com/giftman/
北海道とれたて本舗,https://store.ponparemall.com/toretate1ban/
酒の杜　ふじ井,https://store.ponparemall.com/sakenomorifujii/
spd-shop,https://store.ponparemall.com/spd-shop/
ハッピーマリリン,https://store.ponparemall.com/marilyn/
Liberalization,https://store.ponparemall.com/liberalization/
Apple Terminal,https://store.ponparemall.com/apple-terminal/
ワンダーシェア,https://store.ponparemall.com/wondershare/
コスモショップ,https://store.ponparemall.com/pacificbrain/
えびすブックスポンパレモール店,https://store.ponparemall.com/ebisubooks/
総合輸入雑貨 キャンディー(Candy),https://store.ponparemall.com/candybox/
フォーマルショッピング,https://store.ponparemall.com/formalshopping/
ヒマラヤ　テニスバド卓球専門店,https://store.ponparemall.com/himaraya-rkt/
美食の駅,https://store.ponparemall.com/bishokunoeki/
紀州万屋,https://store.ponparemall.com/k-yorozuya/
make space,https://store.ponparemall.com/make-space/
ｍ−ｓｐｏｒｔｓ,https://store.ponparemall.com/mizoguchisports/
天然石ジュエリー・ハッピーエイト,https://store.ponparemall.com/happyeight/
カーアクセサリー松印,https://store.ponparemall.com/matsujirushi/
キューティーショップ,https://store.ponparemall.com/cutie/
7RWORKSHOPポンパレモール店,https://store.ponparemall.com/mrruby/
トライスターズ,https://store.ponparemall.com/tristars/
ロマンチックノイローゼ　PPM店,https://store.ponparemall.com/romanticneurosis/
JEWELRYLAND,https://store.ponparemall.com/jewelryland/
ＧＩＶ（ギヴ）ポンパレモール店,https://store.ponparemall.com/giv-store/
センチュリオンＥショップ,https://store.ponparemall.com/centurioneshop/
Coquette　Paris,https://store.ponparemall.com/coquetteparis/
ファッション子　ポンパレモール店,https://store.ponparemall.com/beautygirl/
miniministore,https://store.ponparemall.com/miniministore/
自衛隊グッズ 零zero 公式,https://store.ponparemall.com/hiphop/
四代目魚屋　竹本商店,https://store.ponparemall.com/takemoto/
ライフヘルスマート,https://store.ponparemall.com/lifehema/
AMY,https://store.ponparemall.com/amy-kadoyashop/
やさしいくらし,https://store.ponparemall.com/yasashiikurashi/
月洸うさぎ　gekkouusagi,https://store.ponparemall.com/gekkouusagi/
柴田釣具店ポンパレーモール店,https://store.ponparemall.com/fishingshoptaimo/
e-道具館　ポンパレモール店,https://store.ponparemall.com/edougukan/
おとく通販,https://store.ponparemall.com/otoku-tsuhan/
サンオレンジ,https://store.ponparemall.com/sun-orange-t/
JIANG,https://store.ponparemall.com/jiang/
ねっとんや　ポンパレモール店,https://store.ponparemall.com/netonya/
eyes case,https://store.ponparemall.com/eyescase/
Beautyfive,https://store.ponparemall.com/five/
CCC STORES,https://store.ponparemall.com/cccstores/
元気爽快　ポンパレモール店,https://store.ponparemall.com/genki-sokai/
通販パーク,https://store.ponparemall.com/tuhan-park/
Gardener’s shop Ivy,https://store.ponparemall.com/ivy/
日本の和風みやげ専門店,https://store.ponparemall.com/kyoto-miyage/
アメイジング　セレクト,https://store.ponparemall.com/amaizingselect/
ベリーベリーポンパレモール店,https://store.ponparemall.com/very2/
スウィート４エバー,https://store.ponparemall.com/sweet4ever/
佐那河内農園　ポンパレモール店,https://store.ponparemall.com/sanagochi/
スポーツ　ホールセラー,https://store.ponparemall.com/sportswholesaler/
HAPIAN,https://store.ponparemall.com/hapian/
ブルーラグーン,https://store.ponparemall.com/bluelagoon/
マルコ海苔,https://store.ponparemall.com/maruko/
神戸牛専門店　神戸ぐりる工房,https://store.ponparemall.com/koubegyu/
ラフ可愛MIX,https://store.ponparemall.com/roughcutemix/
ワンダフルライフ,https://store.ponparemall.com/joy-life/
Karly Shop import,https://store.ponparemall.com/karlyshopimport/
Fortune 8-おしゃれなブランド通販,https://store.ponparemall.com/fortune8/
MKネオス,https://store.ponparemall.com/mkneos/
腕時計ベルトの専門店 EMPIRE,https://store.ponparemall.com/digilife-plus/
Lady Cross ポンパレモール店,https://store.ponparemall.com/lady-cross/
ファッションG,https://store.ponparemall.com/fgkawamura2006/
SHOES-MATE ポンパレモール店,https://store.ponparemall.com/shoesmate/
e-通販TKS　ポンパレモール店,https://store.ponparemall.com/tks/
北海道産直グルメ　ぼーの,https://store.ponparemall.com/buono-buono/
ＳＯＨＳＨＯＰ,https://store.ponparemall.com/sohshop/
ＹＵＷＡＤＯ,https://store.ponparemall.com/yuwado/
毛皮縫製ファー＊オールール,https://store.ponparemall.com/aurore/
フランソワ・デュッセ,https://store.ponparemall.com/francoisdoucet/
もっと！銀しゃり亭,https://store.ponparemall.com/tomekome/
ハートフェルト　ポンパレモール店,https://store.ponparemall.com/heartfelt/
ウンライ雑貨,https://store.ponparemall.com/unraizakka/
usamoth PPM店,https://store.ponparemall.com/actyfree/
Smile Orange,https://store.ponparemall.com/smile-orange/
BIG STAR,https://store.ponparemall.com/bigstarshop/
北海道シーファーム,https://store.ponparemall.com/seafarm/
アイココンタクト,https://store.ponparemall.com/aiko/
GreenLabel,https://store.ponparemall.com/greenlabel/
エクレボ　ポンパレモール店,https://store.ponparemall.com/exrevo/
FEDE SELECT SHOP,https://store.ponparemall.com/fedes/
浅草の健康Shop　フットメイト矢澤,https://store.ponparemall.com/yazawa/
時計・宝石のヨシイ,https://store.ponparemall.com/yosii/
Ripple＋,https://store.ponparemall.com/rippleplus/
リライフプラザ,https://store.ponparemall.com/relifeplaza/
はんこと表札の畑正PM店,https://store.ponparemall.com/inkan-kyoto/
Relaaax,https://store.ponparemall.com/relaaax/
BeaCos,https://store.ponparemall.com/beacos/
CatchAhead　ポンパレモール店,https://store.ponparemall.com/catchahead/
ピーアンドリュクス(P&LUXE),https://store.ponparemall.com/pluxe1/
わくわくショップ神戸,https://store.ponparemall.com/wakuwaku-kobe/
珈琲屋ほっと,https://store.ponparemall.com/hot/
着業　Kiwaza,https://store.ponparemall.com/kiwaza/
Ｈａｐｐｉｔｅｒ,https://store.ponparemall.com/happiter/
aroa（アロア）ポンパレモール店,https://store.ponparemall.com/aroa/
APWORLD,https://store.ponparemall.com/apworld/
アスカショップ,https://store.ponparemall.com/askashop/
インテリアセレクトショップカグト,https://store.ponparemall.com/kaguto/
靴ネット通販コア,https://store.ponparemall.com/fa-core/
防犯カメラ専門店アチェンド,https://store.ponparemall.com/acc/
BRAND SHOP PURELY,https://store.ponparemall.com/brandshoppurely/
shocora,https://store.ponparemall.com/shocora/
ぷるるん姫　ポンパレモール店,https://store.ponparemall.com/cyucyulu/
ハンコヤストア,https://store.ponparemall.com/hankoya-store/
Natural House,https://store.ponparemall.com/naturalhouse/
パソコン工房　ポンパレモール店,https://store.ponparemall.com/pc-koubou/
ナチュリア　ポンパレモール店,https://store.ponparemall.com/natulea/
ＥｖｅｒＦｌａｗｌｅｓｓ,https://store.ponparemall.com/everflawless/
JAPAN　SLIM,https://store.ponparemall.com/japanslim/
ＯＡ−ＰＬＡＺＡポンパレモール店,https://store.ponparemall.com/oa-plaza/
厳選！北海道グルメ　かに匠,https://store.ponparemall.com/oec/
桶本家具店,https://store.ponparemall.com/okemotokagu/
トイズ　ファン,https://store.ponparemall.com/toysfan/
気仙沼　やまちょうこむ,https://store.ponparemall.com/yamachou/
みどりや＆GIFT,https://store.ponparemall.com/midoriya/
バリューshop,https://store.ponparemall.com/value-0512/
love plus,https://store.ponparemall.com/loveplus/
緑のある犬猫美容室ココットベール,https://store.ponparemall.com/cocotte-vert/
taikoo,https://store.ponparemall.com/taikoo/
チェリーベル　ポンパレモール店,https://store.ponparemall.com/cherrybell/
Sun Sun,https://store.ponparemall.com/sunsun/
Gioire,https://store.ponparemall.com/gioire2002/
エナジードラッグ,https://store.ponparemall.com/energy/
楽樹,https://store.ponparemall.com/rakuju-/
ｍｉｌｋｙ　ｒｏｓｅ,https://store.ponparemall.com/milkyrose/
KOKONTOUZAIYA,https://store.ponparemall.com/kokontouzaiya/
ダイヤモンドワタナベ(ダイヤモンドWATANABE),https://store.ponparemall.com/watanabe/
海産物・乾物・珍味　さつま海産,https://store.ponparemall.com/satsumakaisan/
skyポンパレモール店,https://store.ponparemall.com/sky-sky/
セレンディピティ,https://store.ponparemall.com/serendipity/
宮崎・すどう農園ポンパレモール店,https://store.ponparemall.com/sudoufarm/
沖縄map,https://store.ponparemall.com/okinawamap/
ブランドデポ　ポンパレモール店,https://store.ponparemall.com/branddepot/
クスリ聖和　ポンパレモール店,https://store.ponparemall.com/kusuri-seiwa/
インク特急便プリモワマーケット,https://store.ponparemall.com/inktokkyubin/
北前船の贈り物,https://store.ponparemall.com/onomichi/
NEUTRAL-STORE,https://store.ponparemall.com/neutral-store/
最新和服・和雑貨　和さくら庵,https://store.ponparemall.com/wasakura-an/
三本松米穀店　ポンパレモール店,https://store.ponparemall.com/umaiokomeya/
代官山ワインサロン Le・luxe,https://store.ponparemall.com/leluxe/
アーベン(URBENE),https://store.ponparemall.com/urbene/
みとよ,https://store.ponparemall.com/mitoyo/
となりの福祉くんポンパレモール店,https://store.ponparemall.com/fukushikun/
国産手づくり稲葉納豆,https://store.ponparemall.com/inaba-nattou/
刃物の政豊,https://store.ponparemall.com/masatoyo-hamono/
Village Vanguardポンパレモール店,https://store.ponparemall.com/vv-online/
東和モール,https://store.ponparemall.com/towa/
FJ CRAFT,https://store.ponparemall.com/fj-craft/
くすりのｉＱ,https://store.ponparemall.com/kusurino-iq/
健歩館シューズショプ　PPM店,https://store.ponparemall.com/kenpokan55/
サングラスショップ,https://store.ponparemall.com/sunglass-shop/
花はんこと職人印鑑　はんこ良品,https://store.ponparemall.com/arthanko/
カーメイト公式オンラインストア,https://store.ponparemall.com/carmate/
ミューフルショップてっく,https://store.ponparemall.com/myu-tech/
MIXON,https://store.ponparemall.com/mixon/
チョコレート工場直販ドットコム,https://store.ponparemall.com/chocochokuhan/
FIGHT CLUB,https://store.ponparemall.com/fightclub/
ナスカUSプラザ,https://store.ponparemall.com/usplaza/
鯉のぼり通販店五月人形雛人形販売,https://store.ponparemall.com/japanesedoll/
エフシーインテリア,https://store.ponparemall.com/fci/
薔薇雑貨と姫系雑貨のMeggie,https://store.ponparemall.com/meggie/
アトマイズ,https://store.ponparemall.com/atmys/
アトム　イーショップ,https://store.ponparemall.com/atomeshop/
設備プラザ,https://store.ponparemall.com/setubi/
美酒の三河屋,https://store.ponparemall.com/bishunomikawaya/
ユナイテッドコレクション　PM店,https://store.ponparemall.com/unitedcollection/
シャチハタ　印鑑　スピードハンコ,https://store.ponparemall.com/speedhanko/
アウェイクスタイル,https://store.ponparemall.com/awake/
スマイルキューブ,https://store.ponparemall.com/smilecube/
ELEHELM帽子通販専門店,https://store.ponparemall.com/elehelm-hatstore/
セレクトショップオンリーユー,https://store.ponparemall.com/onlyou/
ジェルネイル通販のジャパンネイル,https://store.ponparemall.com/japannail/
葛飾柴又の食品問屋グレイト,https://store.ponparemall.com/shibamatagreat/
greengreenポンパレモール店,https://store.ponparemall.com/greengreen-p/
もじ問屋,https://store.ponparemall.com/mojidonya/
カバンのセレクション,https://store.ponparemall.com/bag-selection/
住まeるデパート ポンパレモール店,https://store.ponparemall.com/smile-dp/
お米と落花生の小山田商店,https://store.ponparemall.com/oyamadashouten/
ユニスター ONLINE SHOP,https://store.ponparemall.com/unistar/
ゆうびどう　ポンパレモール店,https://store.ponparemall.com/ubido/
ロリアン洋菓子店,https://store.ponparemall.com/rorian/
青森りんご専門店　鬼印須藤商店,https://store.ponparemall.com/onisutouringo/
サンワショッピング,https://store.ponparemall.com/sun-wa/
コンタクトレンズのレンズワン,https://store.ponparemall.com/lens-1/
革物通販エスカレード,https://store.ponparemall.com/side6/
ママクリーニング小野寺よ PM店,https://store.ponparemall.com/mamacleaning/
期待を超える店　ポンパレモール店,https://store.ponparemall.com/fuji-p/
米繁商店,https://store.ponparemall.com/komeshige/
Ｎｅｗ　Ｃｅｎｔｕｒｙ,https://store.ponparemall.com/ownstyle/
グッドメディア　ポンパレモール店,https://store.ponparemall.com/goodmedia/
ソテツヶ浦散歩道,https://store.ponparemall.com/sotetsugaura/
鎌倉ハム,https://store.ponparemall.com/kamakura-ham/
O_Parts_Box,https://store.ponparemall.com/opartsbox/
白朋堂,https://store.ponparemall.com/hakhoodo/
菓子工房　大江戸,https://store.ponparemall.com/ooedo-wagashi/
komos,https://store.ponparemall.com/komos/
ファーストキッズポンパレモール店,https://store.ponparemall.com/1stkids/
お茶のれん網倉,https://store.ponparemall.com/ocha-noren-amikura/
家具のカナケン,https://store.ponparemall.com/kanaken/
pinky pocket,https://store.ponparemall.com/pinkypocket/
paint shop エビナ,https://store.ponparemall.com/paintshop/
アースワードPCショップ,https://store.ponparemall.com/e-pc-earthward/
Arts Factory,https://store.ponparemall.com/sky-group/
イーモノプラス　ポンパレモール店,https://store.ponparemall.com/emonoplus/
肉のぶっちゃー,https://store.ponparemall.com/butcher/
BACKYARD FAMILY,https://store.ponparemall.com/backyard/
珈琲豆専門店コーヒーシティ,https://store.ponparemall.com/coffee-city/
おとどけねっと,https://store.ponparemall.com/otodokenet/
バーズアイ,https://store.ponparemall.com/birdseye/
スターズ・ドリーム・ジャパン,https://store.ponparemall.com/sdj1/
福袋専門店　七福ふくふく福袋,https://store.ponparemall.com/fukubukuro/
いっこもんマルシェ,https://store.ponparemall.com/ikkomon-marche/
HYPE,https://store.ponparemall.com/hype/
アルマジロ　ポンパレモール店,https://store.ponparemall.com/armadillo/
ハーブとアロマテラピー,https://store.ponparemall.com/herbalk/
酒のスーパーキング,https://store.ponparemall.com/sake-king/
SAMURAI BALL,https://store.ponparemall.com/samuraiball/
アトム屋美容本舗,https://store.ponparemall.com/atomya/
Tーkumi,https://store.ponparemall.com/t-kumi/
フルールココ　ポンパレモール店,https://store.ponparemall.com/fleurcoco/
ショップ百々,https://store.ponparemall.com/shop-momo/
kimuyase.com(キムやせ),https://store.ponparemall.com/korea/
CMI,https://store.ponparemall.com/cmi-shop/
BEBINO,https://store.ponparemall.com/bebino/
ぎおん　ポンパレモール店,https://store.ponparemall.com/gion/
サプリメント ai,https://store.ponparemall.com/spai/
SPADE,https://store.ponparemall.com/spade/
讃岐うどんの小松屋麺BOX,https://store.ponparemall.com/komatuyamenbox/
SHOT,https://store.ponparemall.com/shot/
珍味のワゴー,https://store.ponparemall.com/wago-otsumami/
ビーラッシュストア,https://store.ponparemall.com/beaurush/
くつのえびすや,https://store.ponparemall.com/evisu-ya/
ミート21ショップ,https://store.ponparemall.com/meat-21/
越後雪国地酒連峰,https://store.ponparemall.com/yokogoshi/
淡路島たまねぎ工房,https://store.ponparemall.com/awajitamanegi/
北海道特産品　吉粋,https://store.ponparemall.com/kissui/
HIGHTECH１０１０,https://store.ponparemall.com/hightech1010/
イージャパン(eジャパン),https://store.ponparemall.com/ejapan/
Stylish2017,https://store.ponparemall.com/stylish2017/
アドキッチン,https://store.ponparemall.com/kitchen/
クッキングクロッカ　PM店,https://store.ponparemall.com/cooking-clocca/
TOPPIN　OUTDOOR＆TRAVEL,https://store.ponparemall.com/toppin/
Medue,https://store.ponparemall.com/medue/
チャイルドヴィーイクルズ,https://store.ponparemall.com/vehicles/
チャララボ(charaラボ),https://store.ponparemall.com/aas/
ビーワンショップ,https://store.ponparemall.com/boneshop/
純系名古屋コーチン工房,https://store.ponparemall.com/koutinkoubou/
ビジネスレザーファクトリー,https://store.ponparemall.com/businessleather/
明誠ポンパレモールショップ,https://store.ponparemall.com/meisei/
esmile333,https://store.ponparemall.com/esmile/
西新オレンジストア,https://store.ponparemall.com/orange/
ｐｒｏｊｅｃｔ０５０６,https://store.ponparemall.com/project0506/
安心安全ペットフード屋さん,https://store.ponparemall.com/anshin-pet/
くみあいショッピング,https://store.ponparemall.com/kshopping/
自転車プロ‐ウォカティオ,https://store.ponparemall.com/provocatio/
銀座千疋屋,https://store.ponparemall.com/ginza-sembikiya/
LINKHOO Online Store,https://store.ponparemall.com/linkhoo-store/
インテリア・キッチン雑貨のニケ,https://store.ponparemall.com/nike/
JMEI,https://store.ponparemall.com/jmei/
HiMe House ポンパレモール店,https://store.ponparemall.com/himehouse/
マメゼット　ポンパレモール店,https://store.ponparemall.com/mamez/
めだか物語ポンパレモール店,https://store.ponparemall.com/medakastory/
イーグルアイ・フィリピーノ,https://store.ponparemall.com/eef7/
オートパーツエージェンシー　PM店,https://store.ponparemall.com/autoparts-agency/
Leo＆Momo　テイスト,https://store.ponparemall.com/leo-momo/
ケイララ　ポンパレモール店,https://store.ponparemall.com/k-rara/
マンツーネット,https://store.ponparemall.com/mantubiz/
138Online Shop,https://store.ponparemall.com/138onlineshop/
tiara（ティアラ）,https://store.ponparemall.com/exytiara/
リクルートの２つのギャラリー,https://store.ponparemall.com/rcc-gallery/
Stand on line N.Y,https://store.ponparemall.com/standonline/
LUCETE,https://store.ponparemall.com/lucete/
ベストシンデレラ,https://store.ponparemall.com/bestcinderella/
G-cial,https://store.ponparemall.com/g-cial/
BRANDING,https://store.ponparemall.com/branding/
LFF PREMIUM INTERIOR SHOP,https://store.ponparemall.com/premium-interior/
うきうきワインの玉手箱,https://store.ponparemall.com/wineuki/
いい暦ポンパレモール店,https://store.ponparemall.com/e-reki/
chobo,https://store.ponparemall.com/chobo/
ＢｅＡＮＣＡ　ＳＨＯＰ,https://store.ponparemall.com/beanca/
脳トレ生活　ポンパレモール店,https://store.ponparemall.com/finebox/
ワールドショップ,https://store.ponparemall.com/w-shop/
ＡＳＴＩＣＡ,https://store.ponparemall.com/astica/
ｏｎ　ｌｉｎｅ　ｌｉｖｅ,https://store.ponparemall.com/onlinelive/
ＴＳモバイル,https://store.ponparemall.com/tsmobile/
DRJオートパーツマーケット,https://store.ponparemall.com/deporacing/
EC-JOY,https://store.ponparemall.com/ecjoy/
三方良しWCPショップ,https://store.ponparemall.com/sanpoyoshi-wcp/
職人の技　ひめか,https://store.ponparemall.com/himeka/
ｍｏｉｓｅ,https://store.ponparemall.com/moise/
天成ショップ,https://store.ponparemall.com/tensei/
Ｐａｎｄａ　Ｓｈｏｐ,https://store.ponparemall.com/pandashop/
Belle Land Shop,https://store.ponparemall.com/belleland/
ｉｎｎｏｗａ　ｓｔｏｒｅ,https://store.ponparemall.com/innowa/
Ｒｉｓｏｕ　公式ポンパレモール店,https://store.ponparemall.com/risou-shop/
ANCH CRASH（アンククラッシュ）,https://store.ponparemall.com/anch-crash/
Amonduul　ポンパレモール店,https://store.ponparemall.com/amonduul/
ふとん王国,https://store.ponparemall.com/futon-kingdom/
一心堂薬局,https://store.ponparemall.com/kanpou-isshindo/
きりやさん　ポンパレモール店,https://store.ponparemall.com/kiriyasan/
麺のたつみ,https://store.ponparemall.com/mentatsu/
パンダゴン,https://store.ponparemall.com/pandagon/
Toreyu　サングラスショップ,https://store.ponparemall.com/toreyu/
理化学ショップ　ポンパレモール店,https://store.ponparemall.com/dejima/
金子米店,https://store.ponparemall.com/kaneko-kometen/
プラスアルファ,https://store.ponparemall.com/plusalpha/
トレジャータウンポンパレモール店,https://store.ponparemall.com/treasuretown/
はろーしょっぷ,https://store.ponparemall.com/hello-shop/
あさときぬ,https://store.ponparemall.com/silk/
若井薬品,https://store.ponparemall.com/wakaiyakuhinn/
BAGS SHOP 三条タナカ,https://store.ponparemall.com/sanjotanaka/
Ｍｉｒａｃｌｅ　Ｍａｇｉｃ,https://store.ponparemall.com/miraclemagic/
